-- Insérer 2 utilisateurs (Personnes)
INSERT INTO taskflow.Personnes (id, email, nom, mdp) VALUES
(777,'root@taskflow.fr', 'Root', '$2y$10$drNJmmvW6aqPswKE63Qwx.xp1PNpx4FNDNyQv3oWMebX/okO0B3si'), -- password: root
(888,'toto@taskflow.fr', 'Toto', '$2y$10$PHPRpblBKu0E6LWO75KJyuxpbo0KmMpBUoKF3K285l8TwmpVGk1xW'); -- password: toto

-- Insérer 2 utilisateurs dans la table Utilisateurs
INSERT INTO taskflow.Utilisateurs (id_personne) VALUES
(777),
(888);

-- Supprimer les intitules générés par trigger
DELETE FROM taskflow.Intitules WHERE id_utilisateur = 777;
DELETE FROM taskflow.Intitules WHERE id_utilisateur = 888;

-- Insérer des intitules pour chaque utilisateur
INSERT INTO taskflow.Intitules (id, id_utilisateur, type_intitule, libelle, couleur) VALUES
(777, 777, 'statut', 'En attente', '#B9B9B9'),
(778, 777, 'statut', 'En cours', '#FFB973'),
(779, 777, 'statut', 'Terminé', '#00B94D'),
(780, 777, 'priorite', 'Haute', '#FF0000'),
(781, 777, 'priorite', 'Moyenne', '#FFA500'),
(782, 777, 'priorite', 'Basse', '#FFFF00');

INSERT INTO taskflow.Intitules (id, id_utilisateur, type_intitule, libelle, couleur) VALUES
(783, 888, 'statut', 'En attente', '#B9B9B9'),
(784, 888, 'statut', 'En cours', '#FFB973'),
(785, 888, 'statut', 'Terminé', '#00B94D'),
(786, 888, 'priorite', 'Haute', '#FF0000'),
(787, 888, 'priorite', 'Moyenne', '#FFA500'),
(788, 888, 'priorite', 'Basse', '#FFFF00');

-- Insérer des status personnalisés
INSERT INTO taskflow.Intitules (id, id_utilisateur, type_intitule, libelle, couleur) VALUES
(789, 777, 'statut', 'Todo', '#374374'),
(790, 777, 'statut', 'Bloqué', '#4C0099');

INSERT INTO taskflow.Taches (id, id_utilisateur, titre, detail, rappel, date_echeance, id_priorite, id_statut) VALUES
(777, 777, 'Finaliser le rapport de projet Q4', 'Vérifier les données et les graphiques du rapport de projet Q4 avant de le soumettre au management.', 10, '2024-12-10', 780, 777),
(778, 777, 'Mettre à jour le site web de l''entreprise', 'Apporter des mises à jour sur le site web de l''entreprise, notamment sur la page d''accueil et les pages de produits.', 12, '2024-12-12', 781, 778),
(779, 777, 'Résoudre le problème de connexion au serveur', 'Investiguer et résoudre le problème de connexion au serveur qui affecte plusieurs utilisateurs.', 15, '2024-12-15', 782, 779),
(780, 777, 'Organiser la réunion de l''équipe de développement', 'Planifier et organiser la réunion de l''équipe de développement pour discuter des prochains projets.', 10, '2024-12-18', 780, 777),
(781, 777, 'Créer un nouveau modèle de facture', 'Développer un nouveau modèle de facture pour les clients avec les informations nécessaires.', 12, '2024-12-20', 781, 778),
(782, 777, 'Analyser les données de vente du trimestre', 'Analyser les données de vente du trimestre pour identifier les tendances et les opportunités.', 15, '2024-12-22', 782, 779),
(783, 777, 'Mettre en place un système de gestion des stocks', 'Implémenter un système de gestion des stocks pour améliorer la gestion des inventaires.', 10, '2024-12-25', 780, 777),
(784, 777, 'Préparer la présentation pour le client X', 'Préparer une présentation détaillée pour le client X sur les services offerts par l''entreprise.', 12, '2024-12-28', 781, 778),
(785, 777, 'Vérifier les mises à jour de sécurité du système', 'Vérifier et appliquer les mises à jour de sécurité du système pour assurer la sécurité des données.', 15, '2024-12-30', 782, 779),
(786, 777, 'Créer un plan de formation pour les nouveaux employés', 'Développer un plan de formation pour les nouveaux employés afin de les intégrer rapidement dans l''équipe.', 10, '2025-01-05', 780, 777),
(787, 777, 'Gérer les réclamations des clients', 'Gérer et résoudre les réclamations des clients de manière efficace.', 12, '2025-01-10', 781, 778),
(788, 777, 'Optimiser les performances du site web', 'Optimiser les performances du site web pour améliorer l''expérience utilisateur.', 15, '2025-01-12', 782, 779),
(789, 777, 'Planifier le budget pour l''année prochaine', 'Planifier et préparer le budget pour l''année prochaine en tenant compte des objectifs et des ressources.', 10, '2025-01-15', 780, 790),
(790, 777, 'Mettre en place un système de gestion des projets', 'Implémenter un système de gestion des projets pour améliorer la coordination et le suivi des projets.', 12, '2025-01-18', 781, 778),
(791, 777, 'Créer un rapport de performance de l''équipe', 'Créer un rapport de performance de l''équipe pour évaluer les résultats et identifier les domaines d''amélioration.', 15, '2025-01-20', 782, 779),
(792, 777, 'Organiser un événement de networking', 'Organiser un événement de networking pour renforcer les relations avec les partenaires et les clients.', 10, '2025-01-22', 780, 777),
(793, 777, 'Développer une nouvelle fonctionnalité pour l''application', 'Développer une nouvelle fonctionnalité pour l''application pour améliorer l''expérience utilisateur.', 12, '2025-01-25', 781, 778),
(794, 777, 'Gérer les relations avec les fournisseurs', 'Gérer et maintenir les relations avec les fournisseurs pour assurer une chaîne d''approvisionnement stable.', 15, '2025-01-28', 782, 779),
(795, 777, 'Créer un plan de marketing pour le nouveau produit', 'Développer un plan de marketing pour le nouveau produit afin de maximiser sa visibilité et ses ventes.', 10, '2025-01-30', 780, 790),
(796, 777, 'Vérifier la conformité aux normes réglementaires', 'Vérifier que l''entreprise est conforme aux normes réglementaires et aux lois en vigueur.', 12, '2025-02-01', 781, 778),
(797, 777, 'Mettre en place un système de gestion des risques', 'Implémenter un système de gestion des risques pour identifier et atténuer les risques potentiels.', 15, '2025-02-03', 782, 789),
(798, 777, 'Créer un rapport de satisfaction des clients', 'Créer un rapport de satisfaction des clients pour évaluer la qualité des services offerts.', 10, '2025-02-05', 780, 777),
(799, 777, 'Organiser une formation sur la sécurité des données', 'Organiser une formation sur la sécurité des données pour sensibiliser les employés aux meilleures pratiques.', 12, '2025-02-07', 781, 789),
(800, 777, 'Développer un plan de continuité des activités', 'Développer un plan de continuité des activités pour assurer la continuité des opérations en cas de crise.', 15, '2025-02-10', 782, 779),
(911, 777, 'Créer un plan de communication interne', 'Développer un plan de communication interne pour améliorer la transparence et la collaboration entre les équipes.', 10, '2025-02-17', 780, 777),
(912, 777, 'Organiser une réunion de révision des objectifs', 'Organiser une réunion pour réviser les objectifs de l''entreprise et ajuster les plans en conséquence.', 12, '2025-02-19', 781, 778),
(913, 777, 'Mettre en place un système de gestion des réclamations', 'Implémenter un système de gestion des réclamations pour améliorer la satisfaction client.', 15, '2025-02-21', 782, 779),
(914, 777, 'Créer un rapport de synthèse des activités', 'Créer un rapport de synthèse des activités pour résumer les réalisations et les progrès de l''entreprise.', 10, '2025-02-23', 782, 777),
(915, 777, 'Gérer les relations avec les partenaires stratégiques', 'Gérer et maintenir les relations avec les partenaires stratégiques pour renforcer les collaborations.', 12, '2025-02-25', 780, 778),
(916, 777, 'Optimiser les processus de production', 'Optimiser les processus de production pour améliorer l''efficacité et la productivité.', 15, '2025-02-27', 781, 779),
(917, 777, 'Créer un plan de formation continue', 'Développer un plan de formation continue pour les employés afin de maintenir et améliorer leurs compétences.', 10, '2025-03-01', 782, 777),
(918, 777, 'Vérifier la conformité aux normes de qualité', 'Vérifier que les processus et les produits de l''entreprise sont conformes aux normes de qualité.', 12, '2025-03-03', 782, 778),
(919, 777, 'Créer un rapport de performance environnementale', 'Créer un rapport de performance environnementale pour évaluer l''impact des activités de l''entreprise sur l''environnement.', 15, '2025-03-05', 780, 789),
(920, 777, 'Organiser une formation sur la gestion du stress', 'Organiser une formation sur la gestion du stress pour améliorer le bien-être des employés.', 10, '2025-03-07', 781, 789),
(921, 777, 'Développer un plan de restructuration', 'Créer un plan de restructuration pour améliorer l''efficacité et la productivité de l''entreprise.', 12, '2025-03-09', 782, 778),
(922, 777, 'Vérifier les mises à jour des politiques de sécurité', 'Vérifier et mettre à jour les politiques de sécurité pour assurer la protection des données et des systèmes.', 15, '2025-03-11', 781, 779),
(923, 777, 'Créer un rapport de satisfaction des employés', 'Créer un rapport de satisfaction des employés pour évaluer le climat de travail et identifier les domaines d''amélioration.', 10, '2025-03-13', 780, 777),
(924, 777, 'Organiser une réunion avec les partenaires', 'Planifier et organiser une réunion avec les partenaires pour discuter des opportunités de collaboration.', 12, '2025-03-15', 781, 778),
(925, 777, 'Développer un plan de marketing pour le lancement d''un nouveau produit', 'Créer un plan de marketing détaillé pour le lancement d''un nouveau produit.', 15, '2025-03-17', 782, 779),
(926, 777, 'Vérifier la conformité aux normes réglementaires', 'Vérifier que l''entreprise est conforme aux normes réglementaires et aux lois en vigueur.', 10, '2025-03-19', 781, 777),
(927, 777, 'Mettre en place un système de gestion des risques', 'Implémenter un système de gestion des risques pour identifier et atténuer les risques potentiels.', 12, '2025-03-21', 780, 778),
(928, 777, 'Créer un rapport de performance financière', 'Créer un rapport de performance financière pour évaluer les résultats financiers de l''entreprise.', 15, '2025-03-23', 781, 779),
(929, 777, 'Mettre en place un système de gestion des ressources humaines', 'Implémenter un système de gestion des ressources humaines pour améliorer la gestion du personnel.', 10, '2025-03-25', 782, 777),
(930, 777, 'Créer un plan de développement durable', 'Développer un plan de développement durable pour intégrer les pratiques durables dans les opérations de l''entreprise.', 12, '2025-03-27', 781, 789);

INSERT INTO taskflow.Taches (id, id_utilisateur, titre, detail, rappel, date_echeance, id_priorite, id_statut) VALUES
(1000, 888, 'Développer une stratégie de réseaux sociaux', 'Créer une stratégie de réseaux sociaux pour améliorer la visibilité et l''engagement de l''entreprise.', 10, '2025-02-17', 786, 783),
(1001, 888, 'Organiser un atelier de brainstorming', 'Organiser un atelier de brainstorming pour générer de nouvelles idées et solutions innovantes.', 12, '2025-02-19', 787, 784),
(1002, 888, 'Mettre en place un système de gestion des dépenses', 'Implémenter un système de gestion des dépenses pour améliorer la transparence et le contrôle financier.', 15, '2025-02-21', 788, 785),
(1003, 888, 'Créer un rapport de performance des ventes', 'Créer un rapport de performance des ventes pour évaluer les résultats et identifier les opportunités de croissance.', 10, '2025-02-23', 786, 783),
(1004, 888, 'Gérer les relations avec les influenceurs', 'Gérer et maintenir les relations avec les influenceurs pour renforcer la marque et atteindre de nouveaux publics.', 12, '2025-02-25', 787, 784),
(1005, 888, 'Optimiser les processus de livraison', 'Optimiser les processus de livraison pour améliorer la satisfaction client et réduire les coûts.', 15, '2025-02-27', 788, 785),
(1006, 888, 'Créer un plan de formation en ligne', 'Développer un plan de formation en ligne pour les employés afin de maintenir et améliorer leurs compétences.', 10, '2025-03-01', 786, 783),
(1007, 888, 'Vérifier la conformité aux normes de qualité', 'Vérifier que les processus et les produits de l''entreprise sont conformes aux normes de qualité.', 12, '2025-03-03', 787, 784),
(1008, 888, 'Créer un rapport de performance environnementale', 'Créer un rapport de performance environnementale pour évaluer l''impact des activités de l''entreprise sur l''environnement.', 15, '2025-03-05', 788, 785),
(1009, 888, 'Organiser une formation sur la gestion du stress', 'Organiser une formation sur la gestion du stress pour améliorer le bien-être des employés.', 10, '2025-03-07', 786, 783),
(1010, 888, 'Développer un plan de restructuration', 'Créer un plan de restructuration pour améliorer l''efficacité et la productivité de l''entreprise.', 12, '2025-03-09', 787, 784),
(1011, 888, 'Vérifier les mises à jour des politiques de sécurité', 'Vérifier et mettre à jour les politiques de sécurité pour assurer la protection des données et des systèmes.', 15, '2025-03-11', 788, 785),
(1012, 888, 'Créer un rapport de satisfaction des employés', 'Créer un rapport de satisfaction des employés pour évaluer le climat de travail et identifier les domaines d''amélioration.', 10, '2025-03-13', 786, 783),
(1013, 888, 'Organiser une réunion avec les partenaires', 'Planifier et organiser une réunion avec les partenaires pour discuter des opportunités de collaboration.', 12, '2025-03-15', 787, 784),
(1014, 888, 'Développer un plan de marketing pour le lancement d''un nouveau produit', 'Créer un plan de marketing détaillé pour le lancement d''un nouveau produit.', 15, '2025-03-17', 788, 785),
(1015, 888, 'Vérifier la conformité aux normes réglementaires', 'Vérifier que l''entreprise est conforme aux normes réglementaires et aux lois en vigueur.', 10, '2025-03-19', 786, 783),
(1016, 888, 'Mettre en place un système de gestion des risques', 'Implémenter un système de gestion des risques pour identifier et atténuer les risques potentiels.', 12, '2025-03-21', 787, 784),
(1017, 888, 'Créer un rapport de performance financière', 'Créer un rapport de performance financière pour évaluer les résultats financiers de l''entreprise.', 15, '2025-03-23', 788, 785),
(1018, 888, 'Mettre en place un système de gestion des ressources humaines', 'Implémenter un système de gestion des ressources humaines pour améliorer la gestion du personnel.', 10, '2025-03-25', 786, 783),
(1019, 888, 'Créer un plan de développement durable', 'Développer un plan de développement durable pour intégrer les pratiques durables dans les opérations de l''entreprise.', 12, '2025-03-27', 787, 784),
(1020, 888, 'Organiser une conférence sur l''innovation', 'Organiser une conférence sur l''innovation pour présenter les dernières tendances et technologies.', 15, '2025-03-29', 788, 785),
(1021, 888, 'Développer un plan de communication interne', 'Créer un plan de communication interne pour améliorer la transparence et la collaboration entre les équipes.', 10, '2025-03-31', 786, 783),
(1022, 888, 'Vérifier la conformité aux normes de sécurité des données', 'Vérifier que les processus et les systèmes de l''entreprise sont conformes aux normes de sécurité des données.', 12, '2025-04-02', 787, 784),
(1023, 888, 'Créer un rapport de performance des opérations', 'Créer un rapport de performance des opérations pour évaluer l''efficacité et la productivité.', 15, '2025-04-04', 788, 785),
(1024, 888, 'Organiser une formation sur la gestion des projets', 'Organiser une formation sur la gestion des projets pour améliorer les compétences des gestionnaires de projet.', 10, '2025-04-06', 786, 783),
(1025, 888, 'Développer un plan de marketing digital', 'Créer un plan de marketing digital pour renforcer la présence en ligne de l''entreprise.', 12, '2025-04-08', 787, 784),
(1026, 888, 'Vérifier les mises à jour des logiciels de gestion', 'Vérifier et mettre à jour les logiciels de gestion pour assurer leur compatibilité et leur performance.', 15, '2025-04-10', 788, 785);


INSERT INTO taskflow.Commentaires (id, id_tache, commentaire) VALUES
(1000, 1000, 'Assurez-vous que le nouveau modèle de facture est compatible avec les systèmes existants.'),
(1001, 1000, 'Inclure les informations de facturation spécifiques aux clients dans le nouveau modèle de facture.'),
(1002, 1001, 'Analyser les données de vente pour identifier les tendances et les opportunités de croissance.'),
(1003, 1002, 'Implémenter un système de gestion des dépenses pour améliorer la transparence et le contrôle financier.'),
(1004, 1002, 'Former le personnel sur l''utilisation du nouveau système de gestion des dépenses.'),
(1005, 1003, 'Créer un rapport de performance des ventes pour évaluer les résultats et identifier les opportunités de croissance.'),
(1006, 1004, 'Gérer et maintenir les relations avec les influenceurs pour renforcer la marque et atteindre de nouveaux publics.'),
(1007, 1004, 'Inclure des exemples concrets de réussites passées dans la présentation aux influenceurs.'),
(1008, 1005, 'Optimiser les processus de livraison pour améliorer la satisfaction client et réduire les coûts.'),
(1009, 1006, 'Créer un plan de formation en ligne pour les employés afin de maintenir et améliorer leurs compétences.'),
(1010, 1006, 'Inclure des sessions de formation sur les politiques et procédures de l''entreprise.'),
(1011, 1007, 'Vérifier la conformité aux normes de qualité pour assurer la qualité des produits et services.'),
(1012, 1008, 'Créer un rapport de performance environnementale pour évaluer l''impact des activités de l''entreprise sur l''environnement.'),
(1013, 1008, 'Analyser les résultats du rapport de performance environnementale et identifier les domaines d''amélioration.'),
(1014, 1009, 'Organiser une formation sur la gestion du stress pour améliorer le bien-être des employés.'),
(1015, 1010, 'Développer un plan de restructuration pour améliorer l''efficacité et la productivité de l''entreprise.'),
(1016, 1011, 'Vérifier les mises à jour des politiques de sécurité pour assurer la protection des données et des systèmes.'),
(1017, 1011, 'Documenter les mises à jour de sécurité appliquées et les procédures suivies.'),
(1018, 1012, 'Créer un rapport de satisfaction des employés pour évaluer le climat de travail et identifier les domaines d''amélioration.'),
(1019, 1013, 'Organiser une réunion avec les partenaires pour discuter des opportunités de collaboration.'),
(1020, 1014, 'Développer un plan de marketing pour le lancement d''un nouveau produit afin de maximiser sa visibilité et ses ventes.'),
(1021, 1014, 'Lancer des campagnes publicitaires pour promouvoir le nouveau produit.'),
(1022, 1015, 'Vérifier la conformité aux normes réglementaires et aux lois en vigueur.'),
(1023, 1016, 'Mettre en place un système de gestion des risques pour identifier et atténuer les risques potentiels.'),
(1024, 1017, 'Créer un rapport de performance financière pour évaluer les résultats financiers de l''entreprise.'),
(1025, 1018, 'Mettre en place un système de gestion des ressources humaines pour améliorer la gestion du personnel.'),
(1026, 1019, 'Créer un plan de développement durable pour intégrer les pratiques durables dans les opérations de l''entreprise.'),
(1027, 1020, 'Organiser une conférence sur l''innovation pour présenter les dernières tendances et technologies.'),
(1028, 1021, 'Développer un plan de communication interne pour améliorer la transparence et la collaboration entre les équipes.'),
(1029, 1022, 'Vérifier la conformité aux normes de sécurité des données pour assurer la protection des données.'),
(1030, 1023, 'Créer un rapport de performance des opérations pour évaluer l''efficacité et la productivité.');

INSERT INTO taskflow.Commentaires (id, id_tache, commentaire) VALUES
(1031, 777, 'N''oubliez pas de vérifier les chiffres clés avant de soumettre le rapport.'),
(1032, 777, 'Assurez-vous que tous les graphiques sont à jour et corrects.'),
(1033, 778, 'Ne pas oublier de tester les liens après la mise à jour du site web.'),
(1034, 778, 'Vérifier que les mises à jour ne cassent pas les fonctionnalités existantes.'),
(1035, 779, 'Investiguer les causes profondes du problème de connexion au serveur.'),
(1036, 779, 'Mettre en place un plan d''action pour résoudre le problème de connexion.'),
(1037, 779, 'Documenter les étapes prises pour résoudre le problème de connexion.'),
(1038, 780, 'Préparer un ordre du jour détaillé pour la réunion de l''équipe de développement.'),
(1039, 780, 'Inviter tous les membres de l''équipe de développement à la réunion.'),
(1040, 781, 'Inclure les informations de facturation spécifiques aux clients dans le nouveau modèle de facture.'),
(1041, 781, 'Vérifier la compatibilité du nouveau modèle de facture avec les systèmes existants.'),
(1042, 782, 'Analyser les données de vente pour identifier les tendances et les opportunités de croissance.'),
(1043, 782, 'Préparer des recommandations basées sur les résultats de l''analyse des données de vente.'),
(1044, 783, 'Implémenter un système de gestion des stocks pour améliorer la gestion des inventaires.'),
(1045, 783, 'Former le personnel sur l''utilisation du nouveau système de gestion des stocks.'),
(1046, 783, 'Vérifier que le nouveau système de gestion des stocks fonctionne correctement.'),
(1047, 784, 'Préparer une présentation détaillée pour le client X sur les services offerts par l''entreprise.'),
(1048, 784, 'Inclure des exemples concrets de réussites passées dans la présentation.'),
(1049, 785, 'Vérifier et appliquer les mises à jour de sécurité du système pour assurer la sécurité des données.'),
(1050, 785, 'Documenter les mises à jour de sécurité appliquées et les procédures suivies.'),
(1051, 786, 'Développer un plan de formation pour les nouveaux employés afin de les intégrer rapidement dans l''équipe.'),
(1052, 786, 'Inclure des sessions de formation sur les politiques et procédures de l''entreprise.'),
(1053, 787, 'Gérer et résoudre les réclamations des clients de manière efficace et professionnelle.'),
(1054, 787, 'Suivre les réclamations des clients et assurer un suivi approprié.'),
(1055, 788, 'Optimiser les performances du site web pour améliorer l''expérience utilisateur.'),
(1056, 788, 'Tester le site web après les optimisations pour assurer qu''il fonctionne correctement.'),
(1057, 789, 'Planifier et préparer le budget pour l''année prochaine en tenant compte des objectifs et des ressources.'),
(1058, 789, 'Réviser et ajuster le budget en fonction des commentaires des départements concernés.'),
(1059, 790, 'Implémenter un système de gestion des projets pour améliorer la coordination et le suivi des projets.'),
(1060, 790, 'Former les équipes sur l''utilisation du nouveau système de gestion des projets.'),
(1061, 791, 'Créer un rapport de performance de l''équipe pour évaluer les résultats et identifier les domaines d''amélioration.'),
(1062, 791, 'Présenter le rapport de performance à l''équipe et discuter des actions correctives nécessaires.'),
(1063, 792, 'Organiser un événement de networking pour renforcer les relations avec les partenaires et les clients.'),
(1064, 793, 'Développer une nouvelle fonctionnalité pour l''application pour améliorer l''expérience utilisateur.'),
(1065, 794, 'Gérer et maintenir les relations avec les fournisseurs pour assurer une chaîne d''approvisionnement stable.'),
(1066, 795, 'Créer un plan de marketing pour le nouveau produit afin de maximiser sa visibilité et ses ventes.'),
(1067, 796, 'Vérifier que l''entreprise est conforme aux normes réglementaires et aux lois en vigueur.'),
(1068, 797, 'Implémenter un système de gestion des risques pour identifier et atténuer les risques potentiels.'),
(1069, 798, 'Créer un rapport de satisfaction des clients pour évaluer la qualité des services offerts.'),
(1070, 799, 'Organiser une formation sur la sécurité des données pour sensibiliser les employés aux meilleures pratiques.'),
(1071, 800, 'Développer un plan de continuité des activités pour assurer la continuité des opérations en cas de crise.'),
(1072, 911, 'Développer un plan de communication interne pour améliorer la transparence et la collaboration entre les équipes.'),
(1073, 911, 'Inclure des canaux de communication clairs et efficaces dans le plan.'),
(1074, 912, 'Organiser une réunion de révision des objectifs pour ajuster les plans en conséquence.'),
(1075, 913, 'Mettre en place un système de gestion des réclamations pour améliorer la satisfaction client.'),
(1076, 914, 'Créer un rapport de synthèse des activités pour résumer les réalisations et les progrès de l''entreprise.'),
(1077, 915, 'Gérer les relations avec les partenaires stratégiques pour renforcer les collaborations.'),
(1078, 916, 'Optimiser les processus de production pour améliorer l''efficacité et la productivité.'),
(1079, 917, 'Créer un plan de formation continue pour les employés afin de maintenir et améliorer leurs compétences.'),
(1080, 918, 'Vérifier la conformité aux normes de qualité pour assurer la qualité des produits et services.'),
(1081, 919, 'Créer un rapport de performance environnementale pour évaluer l''impact des activités de l''entreprise sur l''environnement.'),
(1082, 920, 'Organiser une formation sur la gestion du stress pour améliorer le bien-être des employés.'),
(1083, 921, 'Développer un plan de restructuration pour améliorer l''efficacité et la productivité de l''entreprise.'),
(1084, 922, 'Vérifier les mises à jour des politiques de sécurité pour assurer la protection des données et des systèmes.'),
(1085, 923, 'Créer un rapport de satisfaction des employés pour évaluer le climat de travail et identifier les domaines d''amélioration.'),
(1086, 924, 'Organiser une réunion avec les partenaires pour discuter des opportunités de collaboration.'),
(1087, 925, 'Développer un plan de marketing pour le lancement d''un nouveau produit afin de maximiser sa visibilité et ses ventes.'),
(1088, 926, 'Vérifier que l''entreprise est conforme aux normes réglementaires et aux lois en vigueur.'),
(1089, 927, 'Mettre en place un système de gestion des risques pour identifier et atténuer les risques potentiels.'),
(1090, 928, 'Créer un rapport de performance financière pour évaluer les résultats financiers de l''entreprise.');